"","x"
"1","Just a Breath Away"
"2","Love Actually"
"3","The Predator"
"4","Papillon"
"5","BlacKkKlansman"
"6","Daddy's Home 2"
"7","Searching"
"8","Sorry to Bother You"
"9","Monstrum"
"10","Crazy Rich Asians"
"11","Arrival"
"12","The New Romantic"
"13","Cloudy With A Chance Of Meatballs"
"14","Arthur Christmas"
"15","The Descendants"
"16","Genghis Khan"
"17","Mile 22"
"18","Alpha"
"19","L Storm"
"20","Happy Phirr Bhag Jayegi"
"21","Indochina"
"22","Big Brother"
"23","Gintama 2:  Rules Are Made To Be Broken"
"24","Christopher Robin"
"25","On Your Wedding Day"
"26","Predator"
"27","Aiyaary"
"28","The Polar Express"
"29","The Children Act"
"30","Storks"
"31","Life in Overtime"
"32","The Magic Tuche"
"33","My Dad is a Heel Wrestler"
"34","In the Aisles"
"35","The Girl in the Fog"
"36","Monkey King Reloaded"
"37","Parched"
"38","The Nightmare Before Christmas"
"39","Hairspray"
"40","The Way of the Bug"
"41","Pick of the Litter"
"42","Elf"
"43","The Lion King"
"44","House of the Rising Sons"
"45","Jackie"
"46","Predators"
"47","The Man Who Invented Christmas"
"48","Raising Colors"
"49","The Wife"
"50","The Nice Guys"
"51","Abrahaminte Santhathikal"
"52","The Queen"
"53","Junga"
"54","An American in Paris: The Musical"
"55","Think Again, Junpei"
"56","CinemAbility"
"57","Far from the Tree"
"58","John Wick"
"59","Fukrey Returns"
"60","The Island"
"61","Gwen Stefani: You Make It Feel Like Christmas"
"62","Long Time No Sea"
"63","Playmaker"
"64","Along with the Gods: The last 49 days"
"65","Winnie the Pooh"
"66","The Wizard of Oz (1939)"
"67","Bernie"
"68","Daddy's Home"
"69","Dallas Buyers Club"
"70","Smallfoot"
"71","James and the Giant Peach"
"72","It's a Wonderful Life"
"73","Spotlight"
"74","TRON: Legacy"
"75","Balu Mahi"
"76","The Best Summer of My Life"
"77","Brooklyn"
"78","Carol"
"79","8 Mile"
"80","Nikka Zaildar 2"
"81","John Wick: Chapter 2"
"82","Elle"
"83","Speed"
